SNP,other_allele.outcome,effect_allele.outcome,eaf.outcome,beta.outcome,se.outcome,pval.outcome,outcome,mr_keep.outcome,pval_origin.outcome,id.outcome,data_source.outcome,chr.outcome,samplesize.outcome,pos.outcome
rs6697410,T,G,0.2703,0.0086,0.0077,0.2622,AF_Nielsen et al.,TRUE,reported,xvZSFP,textfile,NA,NA,NA
rs199621380,T,G,0.3613,-0.033,0.0178,0.06375,AF_Nielsen et al.,TRUE,reported,xvZSFP,textfile,NA,NA,NA
rs11487328,C,G,0.683,-0.0167,0.0133,0.2098,AF_Nielsen et al.,TRUE,reported,xvZSFP,textfile,NA,NA,NA
rs11893458,A,T,0.5599,-0.0028,0.0092,0.7585,AF_Nielsen et al.,TRUE,reported,xvZSFP,textfile,NA,NA,NA
rs2117137,A,G,0.4022,-0.0453,0.0068,3.45E-11,AF_Nielsen et al.,TRUE,reported,xvZSFP,textfile,NA,NA,NA
rs114002124,A,G,0.9438,0.0083,0.0158,0.5981,AF_Nielsen et al.,TRUE,reported,xvZSFP,textfile,NA,NA,NA
rs10069890,A,G,0.332,0.0081,0.0073,0.2675,AF_Nielsen et al.,TRUE,reported,xvZSFP,textfile,NA,NA,NA
rs149375687,T,G,0.7358,-0.0135,0.0106,0.203,AF_Nielsen et al.,TRUE,reported,xvZSFP,textfile,NA,NA,NA
rs2465018,A,G,0.7783,0.0126,0.0111,0.2566,AF_Nielsen et al.,TRUE,reported,xvZSFP,textfile,NA,NA,NA
rs4410790,T,C,0.6257,0.0095,0.0069,0.1699,AF_Nielsen et al.,TRUE,reported,xvZSFP,textfile,NA,NA,NA
rs73075167,A,T,0.1345,0.0144,0.0101,0.1535,AF_Nielsen et al.,TRUE,reported,xvZSFP,textfile,NA,NA,NA
rs2908274,A,G,0.8264,7.00E-04,0.0086,0.9369,AF_Nielsen et al.,TRUE,reported,xvZSFP,textfile,NA,NA,NA
rs3815455,T,C,0.7123,0.0013,0.0073,0.8643,AF_Nielsen et al.,TRUE,reported,xvZSFP,textfile,NA,NA,NA
rs13282783,T,C,0.7103,0.0098,0.0075,0.1878,AF_Nielsen et al.,TRUE,reported,xvZSFP,textfile,NA,NA,NA
rs7897163,T,C,0.8009,-0.0076,0.0083,0.358,AF_Nielsen et al.,TRUE,reported,xvZSFP,textfile,NA,NA,NA
rs1669433,A,G,0.8283,2.00E-04,0.0094,0.9793,AF_Nielsen et al.,TRUE,reported,xvZSFP,textfile,NA,NA,NA
rs7999399,T,C,0.4575,9.00E-04,0.0067,0.8874,AF_Nielsen et al.,TRUE,reported,xvZSFP,textfile,NA,NA,NA
rs34363176,C,G,0.2394,-0.0151,0.0081,0.06121,AF_Nielsen et al.,TRUE,reported,xvZSFP,textfile,NA,NA,NA
rs34940743,A,G,0.3381,0.0082,0.0073,0.2655,AF_Nielsen et al.,TRUE,reported,xvZSFP,textfile,NA,NA,NA
rs12591786,T,C,0.8461,0.0035,0.0094,0.7073,AF_Nielsen et al.,TRUE,reported,xvZSFP,textfile,NA,NA,NA
rs76546189,A,G,0.9348,-0.0033,0.0137,0.8066,AF_Nielsen et al.,TRUE,reported,xvZSFP,textfile,NA,NA,NA
rs2472297,T,C,0.736,0.0062,0.0077,0.4259,AF_Nielsen et al.,TRUE,reported,xvZSFP,textfile,NA,NA,NA
rs12325187,C,G,0.2869,0.0097,0.0075,0.1958,AF_Nielsen et al.,TRUE,reported,xvZSFP,textfile,NA,NA,NA
rs1428831,A,G,0.3812,0.0131,0.0069,0.05701,AF_Nielsen et al.,TRUE,reported,xvZSFP,textfile,NA,NA,NA
rs73487020,T,G,0.1079,-0.0073,0.0107,0.4968,AF_Nielsen et al.,TRUE,reported,xvZSFP,textfile,NA,NA,NA
rs140775622,T,C,NA,0.0247,0.0342,0.4702,AF_Nielsen et al.,TRUE,reported,xvZSFP,textfile,NA,NA,NA
rs4817505,T,C,0.3913,-0.0045,0.007,0.5136,AF_Nielsen et al.,TRUE,reported,xvZSFP,textfile,NA,NA,NA
rs9624470,A,G,0.4388,-6.00E-04,0.0069,0.9311,AF_Nielsen et al.,TRUE,reported,xvZSFP,textfile,NA,NA,NA
rs73424602,T,C,0.6018,-0.0098,0.0069,0.1513,AF_Nielsen et al.,TRUE,reported,xvZSFP,textfile,NA,NA,NA
rs6697410,G,T,0.737194,0.007736,0.0111702,0.4885875,CAD_CARDIoGRAMplusC4D,TRUE,reported,wJ9oLk,textfile,1,NA,NA
rs199621380,G,T,0.584763,0.024021,0.0093105,0.0098802,CAD_CARDIoGRAMplusC4D,TRUE,reported,wJ9oLk,textfile,1,NA,NA
rs11487328,C,G,0.831613,-0.009601,0.0150982,0.5248387,CAD_CARDIoGRAMplusC4D,TRUE,reported,wJ9oLk,textfile,1,NA,NA
rs11893458,T,A,0.471919,-0.008137,0.0099405,0.4130329,CAD_CARDIoGRAMplusC4D,TRUE,reported,wJ9oLk,textfile,2,NA,NA
rs2117137,G,A,0.627491,-0.008975,0.0097602,0.3578079,CAD_CARDIoGRAMplusC4D,TRUE,reported,wJ9oLk,textfile,3,NA,NA
rs114002124,A,G,0.940729,0.006142,0.0249409,0.8054796,CAD_CARDIoGRAMplusC4D,TRUE,reported,wJ9oLk,textfile,4,NA,NA
rs10069890,G,A,0.737216,-0.010468,0.0114841,0.3620222,CAD_CARDIoGRAMplusC4D,TRUE,reported,wJ9oLk,textfile,5,NA,NA
rs149375687,T,G,0.758265,0.000581,0.0109486,0.9576792,CAD_CARDIoGRAMplusC4D,TRUE,reported,wJ9oLk,textfile,5,NA,NA
rs2465018,A,G,0.783621,0.012372,0.0114374,0.2793804,CAD_CARDIoGRAMplusC4D,TRUE,reported,wJ9oLk,textfile,6,NA,NA
rs4410790,C,T,0.422172,-0.027305,0.0096635,0.0047196,CAD_CARDIoGRAMplusC4D,TRUE,reported,wJ9oLk,textfile,7,NA,NA
rs73075167,T,A,0.882754,0.011226,0.0154023,0.4660932,CAD_CARDIoGRAMplusC4D,TRUE,reported,wJ9oLk,textfile,7,NA,NA
rs2908274,A,G,0.774007,-0.028208,0.0114852,0.0140483,CAD_CARDIoGRAMplusC4D,TRUE,reported,wJ9oLk,textfile,7,NA,NA
rs3815455,T,C,0.691956,0.003371,0.0099633,0.7351068,CAD_CARDIoGRAMplusC4D,TRUE,reported,wJ9oLk,textfile,7,NA,NA
rs13282783,T,C,0.670969,-0.016205,0.0106032,0.1264336,CAD_CARDIoGRAMplusC4D,TRUE,reported,wJ9oLk,textfile,8,NA,NA
rs7897163,T,C,0.7872,-0.008387,0.0112495,0.4559426,CAD_CARDIoGRAMplusC4D,TRUE,reported,wJ9oLk,textfile,10,NA,NA
rs1669433,A,G,0.826593,-0.003382,0.0141433,0.8110101,CAD_CARDIoGRAMplusC4D,TRUE,reported,wJ9oLk,textfile,12,NA,NA
rs7999399,T,C,0.485436,0.00963,0.0094799,0.3097111,CAD_CARDIoGRAMplusC4D,TRUE,reported,wJ9oLk,textfile,13,NA,NA
rs34363176,G,C,0.791413,0.002833,0.0122043,0.8164365,CAD_CARDIoGRAMplusC4D,TRUE,reported,wJ9oLk,textfile,13,NA,NA
rs34940743,G,A,0.696908,-0.03175,0.0109681,0.0037947,CAD_CARDIoGRAMplusC4D,TRUE,reported,wJ9oLk,textfile,14,NA,NA
rs12591786,T,C,0.833302,-0.00285,0.0127746,0.8234589,CAD_CARDIoGRAMplusC4D,TRUE,reported,wJ9oLk,textfile,15,NA,NA
rs76546189,A,G,0.942187,-0.034159,0.021366,0.1098751,CAD_CARDIoGRAMplusC4D,TRUE,reported,wJ9oLk,textfile,15,NA,NA
rs2472297,T,C,0.790478,0.002971,0.012918,0.8181005,CAD_CARDIoGRAMplusC4D,TRUE,reported,wJ9oLk,textfile,15,NA,NA
rs12325187,G,C,0.767512,-0.009146,0.0114787,0.4255787,CAD_CARDIoGRAMplusC4D,TRUE,reported,wJ9oLk,textfile,16,NA,NA
rs1428831,A,G,0.410507,0.006493,0.0094799,0.4933948,CAD_CARDIoGRAMplusC4D,TRUE,reported,wJ9oLk,textfile,16,NA,NA
rs73487020,G,T,0.891393,-0.011215,0.015272,0.4627347,CAD_CARDIoGRAMplusC4D,TRUE,reported,wJ9oLk,textfile,18,NA,NA
rs140775622,C,T,0.123464,0.009284,0.0248801,0.7090372,CAD_CARDIoGRAMplusC4D,TRUE,reported,wJ9oLk,textfile,20,NA,NA
rs4817505,C,T,0.635845,-0.004847,0.009695,0.6171125,CAD_CARDIoGRAMplusC4D,TRUE,reported,wJ9oLk,textfile,21,NA,NA
rs9624470,A,G,0.45823,0.016457,0.0099503,0.098144,CAD_CARDIoGRAMplusC4D,TRUE,reported,wJ9oLk,textfile,22,NA,NA
rs73424602,T,C,0.614691,0.002061,0.009632,0.8305676,CAD_CARDIoGRAMplusC4D,TRUE,reported,wJ9oLk,textfile,22,NA,NA
rs10069890,A,G,0.258049505,0.00228428,0.012506683,0.85507658,MI_CARDIoGRAMplusC4D,TRUE,reported,njG3Ec,textfile,5,NA,NA
rs114002124,G,A,0.055666165,-0.0158473,0.027072363,0.558300771,MI_CARDIoGRAMplusC4D,TRUE,reported,njG3Ec,textfile,4,NA,NA
rs11487328,G,C,0.161502104,0.00366091,0.016830384,0.827804429,MI_CARDIoGRAMplusC4D,TRUE,reported,njG3Ec,textfile,1,NA,NA
rs11893458,A,T,0.520904524,0.00598664,0.010639828,0.573664538,MI_CARDIoGRAMplusC4D,TRUE,reported,njG3Ec,textfile,2,NA,NA
rs12325187,C,G,0.227245549,-0.0120893,0.012747478,0.342940932,MI_CARDIoGRAMplusC4D,TRUE,reported,njG3Ec,textfile,16,NA,NA
rs12591786,C,T,0.158964043,0.00400514,0.014023568,0.775184716,MI_CARDIoGRAMplusC4D,TRUE,reported,njG3Ec,textfile,15,NA,NA
rs13282783,C,T,0.316178206,0.0115156,0.011961565,0.335689874,MI_CARDIoGRAMplusC4D,TRUE,reported,njG3Ec,textfile,8,NA,NA
rs140775622,C,T,0.111785069,0.0109834,0.0270641,0.684868878,MI_CARDIoGRAMplusC4D,TRUE,reported,njG3Ec,textfile,20,NA,NA
rs1428831,A,G,0.401890261,0.00229696,0.010565862,0.827901695,MI_CARDIoGRAMplusC4D,TRUE,reported,njG3Ec,textfile,16,NA,NA
rs149375687,G,T,0.228352176,-0.00606418,0.011920467,0.610948761,MI_CARDIoGRAMplusC4D,TRUE,reported,njG3Ec,textfile,5,NA,NA
rs1669433,A,G,0.819173136,-0.00864926,0.015801422,0.584124127,MI_CARDIoGRAMplusC4D,TRUE,reported,njG3Ec,textfile,12,NA,NA
rs2117137,A,G,0.368647252,0.0132093,0.010866395,0.224133095,MI_CARDIoGRAMplusC4D,TRUE,reported,njG3Ec,textfile,3,NA,NA
rs2465018,G,A,0.210137565,-0.0163864,0.012661311,0.19559166,MI_CARDIoGRAMplusC4D,TRUE,reported,njG3Ec,textfile,6,NA,NA
rs2472297,C,T,0.19459879,-0.0120445,0.014615685,0.409893297,MI_CARDIoGRAMplusC4D,TRUE,reported,njG3Ec,textfile,15,NA,NA
rs2908274,G,A,0.218976788,0.0166742,0.012998898,0.199584112,MI_CARDIoGRAMplusC4D,TRUE,reported,njG3Ec,textfile,7,NA,NA
rs34363176,C,G,0.205312225,0.000550884,0.013312662,0.966992192,MI_CARDIoGRAMplusC4D,TRUE,reported,njG3Ec,textfile,13,NA,NA
rs34940743,A,G,0.29949805,0.0288519,0.012189699,0.017937524,MI_CARDIoGRAMplusC4D,TRUE,reported,njG3Ec,textfile,14,NA,NA
rs3815455,C,T,0.297874608,-0.00912467,0.01115462,0.413347404,MI_CARDIoGRAMplusC4D,TRUE,reported,njG3Ec,textfile,7,NA,NA
rs4410790,T,C,0.562541031,0.0274446,0.010773253,0.010850975,MI_CARDIoGRAMplusC4D,TRUE,reported,njG3Ec,textfile,7,NA,NA
rs4817505,T,C,0.354614334,0.00385091,0.010839568,0.722390942,MI_CARDIoGRAMplusC4D,TRUE,reported,njG3Ec,textfile,21,NA,NA
rs199621380,T,G,0.401162302,-0.0134193,0.010289011,0.192153113,MI_CARDIoGRAMplusC4D,TRUE,reported,njG3Ec,textfile,1,NA,NA
rs6697410,G,T,0.715832903,0.00458541,0.012417511,0.711927408,MI_CARDIoGRAMplusC4D,TRUE,reported,njG3Ec,textfile,1,NA,NA
rs73075167,A,T,0.11397744,-0.0331511,0.017232569,0.054386168,MI_CARDIoGRAMplusC4D,TRUE,reported,njG3Ec,textfile,7,NA,NA
rs73424602,C,T,0.373781873,0.00173028,0.01063428,0.870748481,MI_CARDIoGRAMplusC4D,TRUE,reported,njG3Ec,textfile,22,NA,NA
rs73487020,T,G,0.106072652,0.0128659,0.016554499,0.437050827,MI_CARDIoGRAMplusC4D,TRUE,reported,njG3Ec,textfile,18,NA,NA
rs76546189,G,A,0.057490564,0.015435,0.023989983,0.519967198,MI_CARDIoGRAMplusC4D,TRUE,reported,njG3Ec,textfile,15,NA,NA
rs7897163,C,T,0.209539902,0.0115814,0.012580939,0.357284811,MI_CARDIoGRAMplusC4D,TRUE,reported,njG3Ec,textfile,10,NA,NA
rs7999399,C,T,0.499691715,-0.000262999,0.010537243,0.98008757,MI_CARDIoGRAMplusC4D,TRUE,reported,njG3Ec,textfile,13,NA,NA
rs9624470,G,A,0.535270902,-0.0194644,0.010988725,0.076510782,MI_CARDIoGRAMplusC4D,TRUE,reported,njG3Ec,textfile,22,NA,NA
rs10069890,G,A,0.6784,-2.00E-04,0.0085,0.9787,HF_HERMES,TRUE,reported,SG50EB,textfile,NA,963597,NA
rs7999399,C,T,0.5386,0.0033,0.0079,0.6761,HF_HERMES,TRUE,reported,SG50EB,textfile,NA,962031,NA
rs12325187,G,C,0.715,-0.0047,0.0087,0.5889,HF_HERMES,TRUE,reported,SG50EB,textfile,NA,962004,NA
rs1428831,G,A,0.6164,-0.0125,0.008,0.1207,HF_HERMES,TRUE,reported,SG50EB,textfile,NA,961986,NA
rs199621380,G,T,0.5955,-0.0043,0.0079,0.5839,HF_HERMES,TRUE,reported,SG50EB,textfile,NA,960995,NA
rs2117137,G,A,0.5957,-7.00E-04,0.008,0.9258,HF_HERMES,TRUE,reported,SG50EB,textfile,NA,958865,NA
rs1669433,G,A,0.1481,0.0319,0.0111,0.003985,HF_HERMES,TRUE,reported,SG50EB,textfile,NA,958804,NA
rs76546189,G,A,0.0666,-0.0292,0.016,0.06682,HF_HERMES,TRUE,reported,SG50EB,textfile,NA,958784,NA
rs73487020,G,T,0.8927,-0.0072,0.0127,0.57,HF_HERMES,TRUE,reported,SG50EB,textfile,NA,958782,NA
rs73424602,C,T,0.3905,0.0072,0.0079,0.3671,HF_HERMES,TRUE,reported,SG50EB,textfile,NA,958771,NA
rs9624470,G,A,0.5686,-0.004,0.008,0.6185,HF_HERMES,TRUE,reported,SG50EB,textfile,NA,956783,NA
rs12591786,C,T,0.1546,0.0183,0.011,0.09707,HF_HERMES,TRUE,reported,SG50EB,textfile,NA,956549,NA
rs34363176,G,C,0.763,-0.0157,0.0094,0.09585,HF_HERMES,TRUE,reported,SG50EB,textfile,NA,956439,NA
rs7897163,C,T,0.2076,0.0083,0.0097,0.3922,HF_HERMES,TRUE,reported,SG50EB,textfile,NA,955712,NA
rs34940743,G,A,0.6634,-0.0209,0.0086,0.01493,HF_HERMES,TRUE,reported,SG50EB,textfile,NA,955626,NA
rs13282783,C,T,0.3035,0.0019,0.0087,0.8294,HF_HERMES,TRUE,reported,SG50EB,textfile,NA,954871,NA
rs4410790,C,T,0.3633,-0.004,0.0082,0.6259,HF_HERMES,TRUE,reported,SG50EB,textfile,NA,953732,NA
rs2908274,G,A,0.1836,0.0056,0.0103,0.5882,HF_HERMES,TRUE,reported,SG50EB,textfile,NA,953018,NA
rs73075167,T,A,0.8677,-0.0162,0.012,0.1758,HF_HERMES,TRUE,reported,SG50EB,textfile,NA,952484,NA
rs6697410,G,T,0.7379,0.0044,0.009,0.6256,HF_HERMES,TRUE,reported,SG50EB,textfile,NA,952414,NA
rs4817505,C,T,0.6104,0.0216,0.0083,0.00876,HF_HERMES,TRUE,reported,SG50EB,textfile,NA,950244,NA
rs3815455,C,T,0.2919,0.0021,0.0088,0.8151,HF_HERMES,TRUE,reported,SG50EB,textfile,NA,949934,NA
rs114002124,G,A,0.0556,-0.0053,0.0188,0.7771,HF_HERMES,TRUE,reported,SG50EB,textfile,NA,949808,NA
rs2472297,C,T,0.2644,-0.0056,0.0091,0.537,HF_HERMES,TRUE,reported,SG50EB,textfile,NA,949431,NA
rs149375687,G,T,0.2506,-0.0226,0.0134,0.09084,HF_HERMES,TRUE,reported,SG50EB,textfile,NA,174527,NA
rs2465018,G,A,0.2206,6.00E-04,0.0141,0.9645,HF_HERMES,TRUE,reported,SG50EB,textfile,NA,171447,NA
rs11893458,T,A,0.4336,0.0124,0.0117,0.2895,HF_HERMES,TRUE,reported,SG50EB,textfile,NA,169450,NA
rs11487328,G,C,0.2651,-0.0089,0.0153,0.5615,HF_HERMES,TRUE,reported,SG50EB,textfile,NA,169381,NA
rs6697410,G,T,0.725,0.0041,0.01313,0.754,CAD_FinnGen,TRUE,reported,frn0EY,textfile,NA,NA,26429718
rs199621380,T,G,0.406,-0.01552,0.01189,0.192,CAD_FinnGen,TRUE,reported,frn0EY,textfile,NA,NA,150650809
rs11893458,T,A,0.53,-0.00323,0.01175,0.784,CAD_FinnGen,TRUE,reported,frn0EY,textfile,NA,NA,172000102
rs2117137,G,A,0.482,2.00E-04,0.01176,0.986,CAD_FinnGen,TRUE,reported,frn0EY,textfile,NA,NA,89444017
rs10069890,A,G,0.28,0.01659,0.01303,0.203,CAD_FinnGen,TRUE,reported,frn0EY,textfile,NA,NA,109872131
rs149375687,G,T,0.209,-0.01064,0.01443,0.461,CAD_FinnGen,TRUE,reported,frn0EY,textfile,NA,NA,152655429
rs2465018,G,A,0.183,0.00039,0.01512,0.98,CAD_FinnGen,TRUE,reported,frn0EY,textfile,NA,NA,51376342
rs4410790,T,C,0.664,0.02378,0.01244,0.056,CAD_FinnGen,TRUE,reported,frn0EY,textfile,NA,NA,17244953
rs73075167,A,T,0.114,0.00621,0.01871,0.74,CAD_FinnGen,TRUE,reported,frn0EY,textfile,NA,NA,17530855
rs2908274,G,A,0.242,-0.00597,0.01374,0.664,CAD_FinnGen,TRUE,reported,frn0EY,textfile,NA,NA,44145489
rs3815455,C,T,0.395,0.01115,0.01194,0.35,CAD_FinnGen,TRUE,reported,frn0EY,textfile,NA,NA,75982438
rs13282783,C,T,0.41,-0.00695,0.01199,0.562,CAD_FinnGen,TRUE,reported,frn0EY,textfile,NA,NA,22231462
rs7897163,C,T,0.288,0.02259,0.01297,0.0817,CAD_FinnGen,TRUE,reported,frn0EY,textfile,NA,NA,18125291
rs1669433,G,A,0.0847,0.01869,0.02111,0.376,CAD_FinnGen,TRUE,reported,frn0EY,textfile,NA,NA,11196820
rs7999399,C,T,0.391,-0.01915,0.01205,0.112,CAD_FinnGen,TRUE,reported,frn0EY,textfile,NA,NA,88581250
rs34363176,C,G,0.184,0.01496,0.01535,0.33,CAD_FinnGen,TRUE,reported,frn0EY,textfile,NA,NA,99617923
rs34940743,A,G,0.359,0.01424,0.01226,0.246,CAD_FinnGen,TRUE,reported,frn0EY,textfile,NA,NA,79635890
rs12591786,C,T,0.0996,-0.00404,0.01964,0.837,CAD_FinnGen,TRUE,reported,frn0EY,textfile,NA,NA,60610313
rs76546189,G,A,0.0871,-0.01118,0.02094,0.594,CAD_FinnGen,TRUE,reported,frn0EY,textfile,NA,NA,73756506
rs2472297,C,T,0.248,0.00318,0.0136,0.815,CAD_FinnGen,TRUE,reported,frn0EY,textfile,NA,NA,74735539
rs12325187,C,G,0.309,-0.02487,0.01269,0.05,CAD_FinnGen,TRUE,reported,frn0EY,textfile,NA,NA,3314997
rs1428831,A,G,0.374,0.02254,0.01212,0.0628,CAD_FinnGen,TRUE,reported,frn0EY,textfile,NA,NA,62870118
rs73487020,T,G,0.0508,0.02232,0.0269,0.407,CAD_FinnGen,TRUE,reported,frn0EY,textfile,NA,NA,55236369
rs4817505,T,C,0.433,-0.01154,0.0119,0.332,CAD_FinnGen,TRUE,reported,frn0EY,textfile,NA,NA,32971520
rs9624470,G,A,0.548,0.01115,0.01177,0.344,CAD_FinnGen,TRUE,reported,frn0EY,textfile,NA,NA,24424300
rs73424602,C,T,0.415,-0.00699,0.01188,0.556,CAD_FinnGen,TRUE,reported,frn0EY,textfile,NA,NA,41065172
rs6697410,G,T,0.726,-0.00252,0.01582,0.874,MI_FinnGen,TRUE,reported,UM0IID,textfile,NA,NA,26429718
rs199621380,T,G,0.406,-0.00704,0.01434,0.624,MI_FinnGen,TRUE,reported,UM0IID,textfile,NA,NA,150650809
rs11893458,T,A,0.53,-0.00805,0.01416,0.57,MI_FinnGen,TRUE,reported,UM0IID,textfile,NA,NA,172000102
rs2117137,G,A,0.482,0.00167,0.01419,0.906,MI_FinnGen,TRUE,reported,UM0IID,textfile,NA,NA,89444017
rs10069890,A,G,0.28,0.01788,0.0157,0.255,MI_FinnGen,TRUE,reported,UM0IID,textfile,NA,NA,109872131
rs149375687,G,T,0.209,0.0038,0.01733,0.826,MI_FinnGen,TRUE,reported,UM0IID,textfile,NA,NA,152655429
rs2465018,G,A,0.184,0.01869,0.01822,0.305,MI_FinnGen,TRUE,reported,UM0IID,textfile,NA,NA,51376342
rs4410790,T,C,0.664,0.01987,0.01498,0.185,MI_FinnGen,TRUE,reported,UM0IID,textfile,NA,NA,17244953
rs73075167,A,T,0.114,0.03228,0.02254,0.152,MI_FinnGen,TRUE,reported,UM0IID,textfile,NA,NA,17530855
rs2908274,G,A,0.242,-0.00569,0.01657,0.731,MI_FinnGen,TRUE,reported,UM0IID,textfile,NA,NA,44145489
rs3815455,C,T,0.395,-0.00075,0.01441,0.958,MI_FinnGen,TRUE,reported,UM0IID,textfile,NA,NA,75982438
rs13282783,C,T,0.409,-0.021,0.01445,0.146,MI_FinnGen,TRUE,reported,UM0IID,textfile,NA,NA,22231462
rs7897163,C,T,0.288,0.02551,0.01566,0.103,MI_FinnGen,TRUE,reported,UM0IID,textfile,NA,NA,18125291
rs1669433,G,A,0.0845,0.03003,0.02548,0.239,MI_FinnGen,TRUE,reported,UM0IID,textfile,NA,NA,11196820
rs7999399,C,T,0.391,-0.03674,0.01452,0.0114,MI_FinnGen,TRUE,reported,UM0IID,textfile,NA,NA,88581250
rs34363176,C,G,0.184,0.02619,0.01855,0.158,MI_FinnGen,TRUE,reported,UM0IID,textfile,NA,NA,99617923
rs34940743,A,G,0.359,0.01757,0.01482,0.236,MI_FinnGen,TRUE,reported,UM0IID,textfile,NA,NA,79635890
rs12591786,C,T,0.0996,-0.00331,0.02363,0.889,MI_FinnGen,TRUE,reported,UM0IID,textfile,NA,NA,60610313
rs76546189,G,A,0.0873,-0.01417,0.02521,0.574,MI_FinnGen,TRUE,reported,UM0IID,textfile,NA,NA,73756506
rs2472297,C,T,0.248,-0.00126,0.01638,0.939,MI_FinnGen,TRUE,reported,UM0IID,textfile,NA,NA,74735539
rs12325187,C,G,0.308,-0.04179,0.01531,0.00634,MI_FinnGen,TRUE,reported,UM0IID,textfile,NA,NA,3314997
rs1428831,A,G,0.373,0.01745,0.01461,0.232,MI_FinnGen,TRUE,reported,UM0IID,textfile,NA,NA,62870118
rs73487020,T,G,0.0508,0.01377,0.03236,0.67,MI_FinnGen,TRUE,reported,UM0IID,textfile,NA,NA,55236369
rs4817505,T,C,0.433,-0.02316,0.01435,0.106,MI_FinnGen,TRUE,reported,UM0IID,textfile,NA,NA,32971520
rs9624470,G,A,0.548,0.0094,0.01418,0.507,MI_FinnGen,TRUE,reported,UM0IID,textfile,NA,NA,24424300
rs73424602,C,T,0.415,-0.00829,0.01429,0.562,MI_FinnGen,TRUE,reported,UM0IID,textfile,NA,NA,41065172
rs6697410,G,T,0.726,-0.01452,0.01492,0.33,AF_FinnGen,TRUE,reported,kwhrmJ,textfile,NA,NA,26429718
rs199621380,T,G,0.406,-0.00058,0.01357,0.966,AF_FinnGen,TRUE,reported,kwhrmJ,textfile,NA,NA,150650809
rs11893458,T,A,0.531,0.00346,0.01338,0.796,AF_FinnGen,TRUE,reported,kwhrmJ,textfile,NA,NA,172000102
rs10069890,A,G,0.279,-0.01503,0.01486,0.312,AF_FinnGen,TRUE,reported,kwhrmJ,textfile,NA,NA,109872131
rs149375687,G,T,0.209,0,0.01645,1,AF_FinnGen,TRUE,reported,kwhrmJ,textfile,NA,NA,152655429
rs2465018,G,A,0.184,-0.02637,0.01719,0.125,AF_FinnGen,TRUE,reported,kwhrmJ,textfile,NA,NA,51376342
rs4410790,T,C,0.663,0.02036,0.01415,0.15,AF_FinnGen,TRUE,reported,kwhrmJ,textfile,NA,NA,17244953
rs73075167,A,T,0.114,0.01234,0.02132,0.563,AF_FinnGen,TRUE,reported,kwhrmJ,textfile,NA,NA,17530855
rs2908274,G,A,0.243,0.00191,0.01557,0.902,AF_FinnGen,TRUE,reported,kwhrmJ,textfile,NA,NA,44145489
rs3815455,C,T,0.395,0.00869,0.01361,0.523,AF_FinnGen,TRUE,reported,kwhrmJ,textfile,NA,NA,75982438
rs13282783,C,T,0.409,-0.02211,0.01366,0.106,AF_FinnGen,TRUE,reported,kwhrmJ,textfile,NA,NA,22231462
rs7897163,C,T,0.288,0.02395,0.01477,0.105,AF_FinnGen,TRUE,reported,kwhrmJ,textfile,NA,NA,18125291
rs1669433,G,A,0.0842,0.05477,0.024,0.0225,AF_FinnGen,TRUE,reported,kwhrmJ,textfile,NA,NA,11196820
rs7999399,C,T,0.392,-0.02201,0.01374,0.109,AF_FinnGen,TRUE,reported,kwhrmJ,textfile,NA,NA,88581250
rs34363176,C,G,0.184,0.01887,0.01756,0.282,AF_FinnGen,TRUE,reported,kwhrmJ,textfile,NA,NA,99617923
rs34940743,A,G,0.358,-0.00586,0.01398,0.675,AF_FinnGen,TRUE,reported,kwhrmJ,textfile,NA,NA,79635890
rs12591786,C,T,0.0993,0.03275,0.02247,0.145,AF_FinnGen,TRUE,reported,kwhrmJ,textfile,NA,NA,60610313
rs76546189,G,A,0.0874,-0.05037,0.02363,0.033,AF_FinnGen,TRUE,reported,kwhrmJ,textfile,NA,NA,73756506
rs2472297,C,T,0.248,0.00481,0.0154,0.755,AF_FinnGen,TRUE,reported,kwhrmJ,textfile,NA,NA,74735539
rs12325187,C,G,0.308,-0.03712,0.01453,0.0106,AF_FinnGen,TRUE,reported,kwhrmJ,textfile,NA,NA,3314997
rs1428831,A,G,0.374,0.02068,0.0138,0.134,AF_FinnGen,TRUE,reported,kwhrmJ,textfile,NA,NA,62870118
rs73487020,T,G,0.0507,0.07851,0.03047,0.00998,AF_FinnGen,TRUE,reported,kwhrmJ,textfile,NA,NA,55236369
rs4817505,T,C,0.433,-0.00017,0.01357,0.99,AF_FinnGen,TRUE,reported,kwhrmJ,textfile,NA,NA,32971520
rs9624470,G,A,0.548,0.01325,0.01343,0.324,AF_FinnGen,TRUE,reported,kwhrmJ,textfile,NA,NA,24424300
rs73424602,C,T,0.414,0.00759,0.01349,0.574,AF_FinnGen,TRUE,reported,kwhrmJ,textfile,NA,NA,41065172
rs6697410,G,T,0.725,-0.01057,0.01119,0.345,HF_FinnGen,TRUE,reported,z2Eufj,textfile,NA,NA,26429718
rs199621380,T,G,0.406,-0.00229,0.01014,0.821,HF_FinnGen,TRUE,reported,z2Eufj,textfile,NA,NA,150650809
rs11893458,T,A,0.53,0.00814,0.01002,0.417,HF_FinnGen,TRUE,reported,z2Eufj,textfile,NA,NA,172000102
rs2117137,G,A,0.482,-0.00279,0.01004,0.781,HF_FinnGen,TRUE,reported,z2Eufj,textfile,NA,NA,89444017
rs10069890,A,G,0.28,-0.02739,0.01112,0.0137,HF_FinnGen,TRUE,reported,z2Eufj,textfile,NA,NA,109872131
rs149375687,G,T,0.209,-0.01103,0.01228,0.369,HF_FinnGen,TRUE,reported,z2Eufj,textfile,NA,NA,152655429
rs2465018,G,A,0.183,-0.02352,0.0129,0.0683,HF_FinnGen,TRUE,reported,z2Eufj,textfile,NA,NA,51376342
rs4410790,T,C,0.664,0.01159,0.01061,0.274,HF_FinnGen,TRUE,reported,z2Eufj,textfile,NA,NA,17244953
rs73075167,A,T,0.114,0.00825,0.01588,0.603,HF_FinnGen,TRUE,reported,z2Eufj,textfile,NA,NA,17530855
rs2908274,G,A,0.242,-0.00923,0.0117,0.43,HF_FinnGen,TRUE,reported,z2Eufj,textfile,NA,NA,44145489
rs3815455,C,T,0.395,-0.00183,0.0102,0.858,HF_FinnGen,TRUE,reported,z2Eufj,textfile,NA,NA,75982438
rs13282783,C,T,0.41,-0.01546,0.01023,0.131,HF_FinnGen,TRUE,reported,z2Eufj,textfile,NA,NA,22231462
rs7897163,C,T,0.288,0.00803,0.01108,0.468,HF_FinnGen,TRUE,reported,z2Eufj,textfile,NA,NA,18125291
rs1669433,G,A,0.0846,0.01375,0.01794,0.443,HF_FinnGen,TRUE,reported,z2Eufj,textfile,NA,NA,11196820
rs7999399,C,T,0.391,-0.00263,0.01027,0.798,HF_FinnGen,TRUE,reported,z2Eufj,textfile,NA,NA,88581250
rs34363176,C,G,0.184,0.009,0.01308,0.491,HF_FinnGen,TRUE,reported,z2Eufj,textfile,NA,NA,99617923
rs34940743,A,G,0.359,-0.00477,0.01047,0.649,HF_FinnGen,TRUE,reported,z2Eufj,textfile,NA,NA,79635890
rs12591786,C,T,0.0996,0.0258,0.01673,0.123,HF_FinnGen,TRUE,reported,z2Eufj,textfile,NA,NA,60610313
rs76546189,G,A,0.0871,-0.0089,0.01781,0.617,HF_FinnGen,TRUE,reported,z2Eufj,textfile,NA,NA,73756506
rs2472297,C,T,0.248,-0.00544,0.01158,0.638,HF_FinnGen,TRUE,reported,z2Eufj,textfile,NA,NA,74735539
rs12325187,C,G,0.309,-0.01689,0.01085,0.119,HF_FinnGen,TRUE,reported,z2Eufj,textfile,NA,NA,3314997
rs1428831,A,G,0.374,0.02189,0.01033,0.0341,HF_FinnGen,TRUE,reported,z2Eufj,textfile,NA,NA,62870118
rs73487020,T,G,0.0508,0.03513,0.02283,0.124,HF_FinnGen,TRUE,reported,z2Eufj,textfile,NA,NA,55236369
rs4817505,T,C,0.433,0.00246,0.01015,0.809,HF_FinnGen,TRUE,reported,z2Eufj,textfile,NA,NA,32971520
rs9624470,G,A,0.548,-0.01453,0.01004,0.148,HF_FinnGen,TRUE,reported,z2Eufj,textfile,NA,NA,24424300
rs73424602,C,T,0.415,-0.00693,0.01012,0.494,HF_FinnGen,TRUE,reported,z2Eufj,textfile,NA,NA,41065172